{"cameraMode":{"drawMode":0,"name":"Shaded","section":"Shading Mode"},"sceneLighting":true,"audioPlay":false,"sceneViewState":{"m_AlwaysRefresh":false,"showFog":true,"showSkybox":true,"showFlares":true,"showImageEffects":true,"showParticleSystems":true,"showVisualEffectGraphs":true,"m_FxEnabled":true},"in2DMode":false,"pivot":{"x":-16.696849822998048,"y":-14.491083145141602,"z":10.130043983459473},"rotation":{"x":-0.1872890591621399,"y":0.6835512518882752,"z":-0.18830262124538423,"w":-0.6798710227012634},"size":34.158233642578128,"orthographic":false}